ticker,2012,2013,2014,2015,2016,2017,2018,2019,2020,2021,Total
0QZI.IL,0,0,0,0,0,0,0,2,0,0,2
3V64.TI,0,0,0,0,0,0,0,2,0,0,2
A,0,0,1,2,1,0,0,0,0,0,4
AA,0,0,0,0,0,0,0,0,1,14,15
AAGIY,0,0,0,0,0,0,0,1,0,0,1
AAL,0,0,0,0,0,0,0,0,6,0,6
AAN,0,0,0,17,1,0,0,0,0,0,18
AAON,0,0,0,1,0,0,0,0,0,0,1
AAPL,0,0,14,13,22,17,25,16,49,16,172
AAT,0,0,0,1,0,0,0,0,0,0,1
ABB,0,0,0,0,0,0,0,1,0,0,1
ABBV,0,0,4,4,0,1,2,1,10,0,22
ABCO,0,0,0,1,0,0,0,0,0,0,1
ABT,0,0,0,3,3,3,2,1,2,0,14
ABYIX,0,0,0,0,0,0,0,0,1,1,2
ACA,0,0,0,0,0,0,3,4,1,0,8
ACE,0,0,3,1,0,0,0,0,0,0,4
ACIW,0,0,0,0,0,0,0,0,1,0,1
ACN,0,0,0,1,1,1,2,0,0,0,5
ACSDX,0,0,0,1,0,0,0,0,0,0,1
ACT,0,0,3,2,0,0,0,0,0,0,5
ADBE,0,0,0,0,0,0,0,0,0,4,4
ADC,0,0,1,0,0,0,0,0,0,0,1
ADI,0,0,0,0,0,7,4,2,0,0,13
ADM,0,0,0,0,0,0,0,0,5,0,5
ADP,0,0,0,1,1,0,2,0,3,2,9
ADT,0,0,0,0,11,0,0,0,0,0,11
ADT.F,0,0,0,0,1,0,0,0,0,0,1
AEE,0,0,0,1,1,0,0,0,0,0,2
AEP,0,0,1,0,0,0,0,0,1,1,3
AET,0,0,0,0,0,0,1,0,0,0,1
AEX.MU,0,0,0,0,1,0,0,0,0,0,1
AFL,0,0,1,0,1,0,3,0,4,0,9
AFSI,0,0,0,1,0,0,0,0,0,0,1
AFTEX,0,0,0,1,0,0,0,0,0,0,1
AGCO,0,0,1,0,0,0,0,0,1,0,2
AGN,0,0,0,0,3,4,2,0,1,0,10
AGU,0,0,0,0,0,1,0,0,0,0,1
AHKSY,0,0,0,0,0,1,0,1,0,0,2
AIG,0,0,3,1,0,0,1,1,7,0,13
AIT,0,0,1,0,0,0,0,0,0,0,1
AIV,0,0,0,0,0,0,0,0,2,0,2
AIZ,0,0,0,0,0,0,0,0,7,0,7
AJG,0,0,3,0,0,0,0,0,0,0,3
AJRD,0,0,0,0,0,0,0,0,1,1,2
AKAM,0,0,0,0,0,1,0,1,0,0,2
AKRX,0,0,0,1,0,0,0,0,0,0,1
AL,0,0,0,0,0,0,1,0,0,0,1
ALB,0,0,0,0,0,0,1,10,3,0,14
ALE,0,0,0,1,0,0,0,0,0,0,1
ALGN,0,0,0,0,0,0,0,0,0,1,1
ALL,0,0,1,0,0,0,1,0,2,0,4
ALLE,0,0,0,0,0,0,0,0,0,1,1
ALTR,0,0,2,3,0,0,0,0,0,0,5
ALV,0,0,1,0,0,0,0,0,0,0,1
AM,0,0,0,2,2,0,0,5,0,0,9
AMAT,0,0,0,1,0,0,0,0,6,3,10
AME,0,0,0,0,0,1,0,0,0,2,3
AMG,0,0,0,2,4,0,0,0,0,0,6
AMGN,0,0,2,3,6,6,4,1,5,0,27
AMLP,0,0,3,0,0,0,0,0,1,0,4
AMSG,0,0,0,1,0,0,0,0,0,0,1
AMT,0,0,4,0,1,3,0,2,2,0,12
AMWD,0,0,0,0,0,0,0,0,2,0,2
AMZN,0,0,4,2,2,6,12,6,21,1,54
ANCX,0,0,0,0,0,1,0,1,0,0,2
ANDX,0,0,0,0,0,2,1,1,0,0,4
ANTM,0,0,0,1,0,0,0,2,1,0,4
AON,0,0,0,0,0,0,1,0,0,1,2
APA,0,0,1,0,0,2,0,0,0,0,3
APAM,0,0,0,0,0,0,0,0,0,1,1
APC,0,0,0,0,0,0,0,1,0,0,1
APD,0,0,0,0,0,0,2,0,0,1,3
APH,0,0,1,0,0,0,0,0,0,0,1
APO,0,0,0,0,0,0,0,0,2,0,2
APTV,0,0,0,0,0,0,4,0,0,0,4
AQFH,0,0,0,0,0,2,0,0,0,0,2
AQN,0,0,0,0,0,0,0,0,0,1,1
AR,0,0,0,1,0,0,0,0,0,0,1
ARCC,0,0,1,0,0,3,0,0,2,0,6
ARE,0,0,1,0,0,0,0,0,3,1,5
ARNA,0,0,0,0,0,0,0,0,6,0,6
ARW,0,0,0,1,0,1,0,0,0,0,2
ASIX,0,0,0,0,4,0,0,0,0,0,4
ASML,0,0,0,0,0,1,0,1,0,0,2
ATHM,0,0,0,0,0,0,0,0,0,2,2
ATML,0,0,1,1,0,0,0,0,0,0,2
ATOAX,0,0,0,0,0,0,0,0,1,0,1
ATRO,0,0,0,1,0,0,0,0,0,0,1
ATVI,0,0,0,0,0,0,0,1,1,0,2
AVGO,0,0,0,0,0,2,0,1,3,1,7
AVP,0,0,0,1,0,3,2,2,0,0,8
AWK,0,0,0,0,1,0,0,0,0,0,1
AX,0,0,0,0,0,0,0,1,0,0,1
AXAHY,0,0,0,0,0,1,0,0,0,0,1
AXLL,0,0,0,2,11,0,0,0,0,0,13
AXP,0,0,2,6,2,0,0,1,0,0,11
AXS,0,0,0,0,0,0,0,0,1,0,1
AXTA,0,0,0,0,0,15,8,0,4,0,27
AY,0,0,0,0,0,0,0,0,1,0,1
AYI,0,0,0,1,0,0,1,0,0,0,2
AZN,0,0,0,0,0,1,0,1,0,0,2
AZO,0,0,0,0,0,0,0,0,5,0,5
BA,0,0,7,5,3,5,5,2,14,1,42
BABA,0,0,1,3,1,1,2,1,4,12,25
BAC,0,0,6,2,29,16,17,1,13,2,86
BAH,0,0,0,0,0,0,0,1,2,0,3
BAM,0,0,0,0,0,0,2,0,4,0,6
BASFY,0,0,0,0,0,1,0,0,0,0,1
BAX,0,0,0,15,6,7,0,0,1,0,29
BBL,0,0,0,0,0,1,0,0,0,0,1
BBT,0,0,0,0,0,0,2,0,0,0,2
BBU,0,0,0,0,1,0,0,0,0,0,1
BBY,0,0,0,0,0,0,0,0,2,0,2
BCPC,0,0,0,1,0,0,0,0,0,0,1
BCR,0,0,0,2,0,3,0,0,0,0,5
BDX,0,0,0,0,1,0,2,0,0,1,4
BEAV,0,0,3,0,0,0,0,0,0,0,3
BECN,0,0,0,1,0,0,0,0,0,0,1
BERY,0,0,0,1,0,0,0,0,1,0,2
BFAM,0,0,0,0,0,1,1,0,1,0,3
BFK,0,0,1,0,0,0,0,0,0,0,1
BGS,0,0,1,0,0,2,0,0,0,0,3
BHF,0,0,0,0,0,3,0,0,0,0,3
BHI,0,0,1,0,0,0,0,0,0,0,1
BHP,0,0,0,0,0,0,0,0,0,2,2
BIDU,0,0,6,3,0,4,0,0,0,0,13
BIF,0,0,0,0,0,0,0,1,0,0,1
BIIB,0,0,2,10,3,0,1,1,0,0,17
BIN,0,0,0,0,1,0,0,0,0,0,1
BIO,0,0,0,1,0,0,0,0,0,1,2
BIV,0,0,0,0,0,0,0,1,0,0,1
BIVV,0,0,0,0,0,2,0,0,0,0,2
BK,0,0,0,6,0,0,0,2,1,2,11
BKE,0,0,0,0,0,0,0,0,0,1,1
BKEP,0,0,0,0,0,0,0,0,0,1,1
BKNG,0,0,0,0,0,0,1,2,4,0,7
BLK,0,0,0,0,2,1,5,0,3,1,12
BLL,0,0,0,0,0,0,0,0,1,0,1
BMEZ,0,0,0,0,0,0,0,0,1,0,1
BMR,0,0,1,1,0,0,0,0,0,0,2
BMY,0,0,5,1,4,10,3,2,6,0,31
BNPQY,0,0,0,0,0,1,1,0,0,0,2
BOIVF,0,0,0,0,0,0,5,11,7,0,23
BOTZ,0,0,0,0,0,0,0,0,1,0,1
BOX,0,0,0,0,0,0,3,0,0,0,3
BP,0,0,0,0,0,0,0,1,6,0,7
BPL,0,0,0,1,1,1,0,6,0,0,9
BRK-B,0,0,0,0,3,2,4,2,10,1,22
BRK.B,0,0,0,0,0,0,0,0,0,2,2
BRKB,0,0,0,0,0,1,1,0,0,0,2
BRKR,0,0,0,0,0,0,0,0,1,0,1
BRY,0,0,0,0,0,0,0,0,1,0,1
BSTZ,0,0,0,0,0,0,0,4,2,0,6
BTC,0,0,0,0,0,0,0,0,0,1,1
BTE,0,0,1,0,0,0,0,0,0,0,1
BTF,0,0,1,0,0,0,0,0,0,0,1
BTO,0,0,0,0,0,1,1,0,0,0,2
BUD,0,0,3,0,0,2,6,0,0,0,11
BUNT,0,0,0,0,1,0,0,0,0,0,1
BUNT-RP,0,0,0,1,0,0,0,0,0,0,1
BWA,0,0,1,0,0,0,0,0,0,0,1
BWXT,0,0,0,0,0,0,12,27,0,0,39
BX,0,0,1,0,1,0,1,0,2,0,5
BYND,0,0,0,0,0,0,0,0,7,0,7
C,0,0,5,0,3,6,8,3,5,2,32
CAB,0,0,0,0,7,0,0,0,0,0,7
CABGY,0,0,0,0,0,1,0,1,0,0,2
CABO,0,0,0,0,0,0,0,0,0,1,1
CAG,0,0,0,0,0,1,0,1,1,2,5
CAH,0,0,0,0,0,0,0,0,3,0,3
CAIFX,0,0,0,0,0,0,0,0,1,0,1
CALX,0,0,0,0,0,0,0,0,0,10,10
CAPL,0,0,0,0,0,0,2,0,0,0,2
CARG,0,0,0,0,0,0,0,0,0,1,1
CARR,0,0,0,0,0,0,0,0,1,0,1
CASY,0,0,0,1,0,0,0,0,0,0,1
CAT,0,0,1,3,4,2,3,0,8,0,21
CB,0,0,0,0,4,2,4,0,2,0,12
CBS,0,0,0,13,0,0,7,7,0,0,27
CBT,0,0,1,0,0,0,0,0,0,0,1
CC,0,0,0,0,0,1,0,0,0,0,1
CCEP,0,0,0,0,0,0,0,0,0,1,1
CCI,0,0,0,0,0,4,0,2,0,0,6
CDK,0,0,1,0,0,0,0,0,0,0,1
CDLX,0,0,0,0,0,1,0,0,3,0,4
CE,0,0,0,0,0,0,0,1,0,1,2
CEA,0,0,1,0,0,0,0,0,0,0,1
CEF,0,0,0,0,0,0,0,1,5,0,6
CELG,0,0,7,3,4,5,6,2,0,0,27
CEM,0,0,0,0,0,0,0,0,0,1,1
CEQP,0,0,0,0,0,0,0,1,1,0,2
CERN,0,0,0,0,2,2,1,0,0,0,5
CFA,0,0,0,0,0,0,0,0,1,1,2
CFG,0,0,0,0,0,0,0,0,1,0,1
CFR,0,0,0,0,0,1,1,0,0,0,2
CG,0,1,0,0,0,0,0,0,0,0,1
CGNT,0,0,0,0,0,0,4,0,0,0,4
CGNX,0,0,0,1,0,0,0,1,1,0,3
CHCO,0,0,1,0,0,0,0,0,0,0,1
CHE,0,0,0,0,0,0,0,0,0,2,2
CHEF,0,0,0,1,0,0,0,0,0,0,1
CHK,0,0,0,1,1,0,1,0,0,0,3
CHKP,0,0,0,0,0,1,1,0,0,0,2
CHL,0,0,2,1,0,0,0,0,0,0,3
CHRW,0,0,0,0,1,2,0,0,0,0,3
CHTR,0,0,0,0,0,0,0,1,0,0,1
CI,0,0,0,0,0,0,0,0,0,2,2
CIBR,0,0,0,0,0,0,0,0,1,0,1
CIT,0,0,0,12,0,0,0,0,0,0,12
CL,0,0,0,1,0,0,2,0,3,1,7
CLB,0,0,0,0,0,0,1,0,0,0,1
CLC,0,0,0,1,0,0,0,0,0,0,1
CLDT,0,0,0,0,0,0,0,0,0,1,1
CLF,0,0,0,0,0,0,0,0,0,21,21
CLNY,0,0,1,0,0,0,0,0,0,0,1
CLR,0,0,0,4,3,0,2,1,0,0,10
CLX,0,0,3,2,1,0,3,1,4,2,16
CMA,0,0,0,0,0,2,0,0,0,0,2
CMCSA,0,0,1,0,2,2,4,3,7,2,21
CMCSK,0,0,0,2,0,0,0,0,0,0,2
CME,0,0,1,0,0,1,1,1,6,0,10
CMG,0,0,0,0,0,0,0,0,0,1,1
CMI,0,0,1,0,2,0,0,0,0,0,3
CMN,0,0,0,1,0,0,0,0,0,0,1
CMO,0,0,1,0,0,0,0,0,0,0,1
CMPGY,0,0,0,0,0,1,0,0,0,0,1
CMRE,0,0,3,1,0,0,0,0,0,0,4
CNR,0,0,0,0,0,0,0,0,0,1,1
CNSL,0,0,1,0,0,0,0,0,0,0,1
COF,0,0,1,1,0,5,1,0,0,0,8
COF-PP,0,0,1,0,0,0,0,0,0,0,1
COH,0,0,0,1,0,0,0,0,0,0,1
COHR,0,0,0,0,0,2,1,0,0,0,3
CONE,0,0,0,0,0,0,0,0,2,0,2
COP,0,0,3,0,3,5,1,2,3,0,17
COR,0,0,0,0,0,0,0,0,0,1,1
COST,0,0,1,2,4,3,7,4,9,2,32
COUP,0,0,0,0,0,0,0,0,4,0,4
CP,0,0,1,0,2,0,0,0,0,0,3
CPGX,0,0,0,0,1,0,0,0,0,0,1
CPSI,0,0,1,0,0,0,0,0,0,0,1
CR,0,0,1,0,0,0,0,0,5,0,6
CRM,0,0,5,0,0,1,2,0,0,0,8
CRMT,0,0,0,0,0,0,9,0,0,0,9
CRSP,0,0,0,0,0,1,1,0,1,1,4
CRWD,0,0,0,0,0,0,0,0,3,1,4
CRZO,0,0,0,1,0,0,0,0,0,0,1
CSCO,0,0,1,0,3,8,8,4,14,2,40
CSX,0,0,0,1,2,1,0,1,0,2,7
CTAA,0,0,0,0,0,0,0,0,0,2,2
CTAS,0,0,0,0,0,0,0,0,0,1,1
CTBI,0,0,1,0,0,0,0,0,0,0,1
CTCT,0,0,0,1,0,0,0,0,0,0,1
CTL,0,0,0,0,2,0,0,0,0,0,2
CTRL,0,0,0,1,0,0,0,0,0,0,1
CTSH,0,0,1,0,2,1,0,4,5,0,13
CTVA,0,0,0,0,0,0,0,2,2,0,4
CTXS,0,0,0,0,0,0,0,0,2,0,2
CUTR,0,0,0,0,0,0,3,0,0,0,3
CVC,0,0,0,10,0,0,0,0,0,0,10
CVET,0,0,0,0,0,0,0,1,0,0,1
CVG,0,0,0,1,0,0,0,0,0,0,1
CVLT,0,0,0,1,0,0,0,0,0,0,1
CVS,0,0,4,1,4,8,9,7,7,2,42
CVX,0,0,3,5,4,6,4,2,13,1,38
CWEN,0,0,0,0,0,0,0,0,0,1,1
CY,0,0,5,2,0,0,0,0,0,0,7
CYBX,0,0,0,1,0,0,0,0,0,0,1
CYS,0,0,1,0,0,0,0,0,0,0,1
CZR,0,0,0,0,0,18,10,22,13,0,63
D,0,0,0,0,0,0,0,0,0,1,1
DAL,0,0,5,0,0,1,2,1,12,0,21
DBP,0,0,1,0,0,0,0,0,0,0,1
DCP,0,0,0,0,0,0,0,1,2,0,3
DD,2,4,5,3,1,1,0,3,23,2,44
DD-PA,0,0,0,0,0,1,0,0,0,0,1
DDOG,0,0,0,0,0,0,0,0,1,3,4
DE,0,0,1,3,0,0,0,1,0,0,5
DECK,0,0,0,0,0,0,0,0,0,2,2
DELL,0,0,0,0,0,0,0,0,0,1,1
DEO,0,0,0,0,4,0,0,1,0,1,6
DFRG,0,0,0,1,0,0,0,0,0,0,1
DFS,0,0,0,0,0,0,1,0,6,0,7
DG,0,0,0,0,0,0,0,0,4,1,5
DGNR,0,0,0,0,0,0,0,0,0,1,1
DGRS,0,0,0,0,0,0,0,0,1,1,2
DGX,0,0,0,0,0,0,0,0,1,1,2
DHI,0,0,0,0,0,0,0,0,4,0,4
DHR,0,0,3,1,7,2,3,4,1,0,21
DIOD,0,0,0,1,0,0,0,0,0,0,1
DIS,0,0,2,0,19,8,4,12,25,4,74
DISCA,0,0,0,21,5,10,38,0,0,0,74
DISCK,0,0,0,1,0,0,0,0,0,0,1
DISH,0,0,1,1,0,7,0,0,0,0,9
DLPH,0,0,0,0,0,2,0,0,0,0,2
DLR,0,0,1,0,0,0,0,0,1,0,2
DLS,0,0,0,0,0,0,0,0,1,0,1
DNKN,0,0,0,0,0,2,0,0,3,0,5
DOCU,0,0,0,0,0,0,0,0,2,0,2
DOW,0,0,0,0,0,2,0,6,8,1,17
DPM,0,0,0,0,3,0,0,0,0,0,3
DPS,0,0,0,0,0,1,0,0,0,0,1
DPZ,0,0,0,0,0,0,0,0,1,0,1
DRI,0,0,0,0,0,0,0,1,1,0,2
DRQ,0,0,0,1,0,0,0,0,0,0,1
DTD,0,0,0,0,0,0,0,0,0,1,1
DTE,0,0,0,1,0,0,0,0,0,0,1
DUK,0,0,0,0,0,3,1,0,0,0,4
DVA,0,0,0,0,0,0,2,0,0,1,3
DVFAX,0,0,2,1,0,0,0,0,0,0,3
DVMT,0,0,0,0,2,1,0,0,0,0,3
DVN,0,0,0,6,0,2,13,6,3,0,30
DWDP,0,0,0,0,0,7,5,1,0,0,13
DWX,0,0,1,0,0,0,0,0,0,0,1
DXCM,0,0,0,0,0,0,0,0,1,0,1
EA,0,0,0,0,0,0,0,0,0,2,2
EADSY,0,0,0,0,0,0,0,1,0,0,1
EAF,0,0,0,0,0,0,0,5,2,0,7
EBAY,0,0,3,2,0,0,0,0,1,1,7
EC,0,0,1,0,0,0,0,0,0,0,1
ECL,0,0,1,0,0,0,0,0,0,0,1
ECOM,0,0,0,0,0,0,0,0,0,20,20
EDIT,0,0,0,0,0,1,0,1,0,0,2
EEFT,0,0,0,0,0,0,0,0,1,0,1
EEM,0,0,1,2,1,0,0,0,2,1,7
EGBN,0,0,0,1,0,0,0,0,0,0,1
EL,0,0,3,0,1,1,0,0,0,1,6
EMC,0,0,1,1,2,0,0,0,0,0,4
EMR,0,0,2,3,1,3,3,1,8,0,21
ENB,0,0,0,0,3,5,5,1,5,0,19
ENLC,0,0,1,0,0,0,0,0,0,0,1
ENTG,0,0,0,0,4,11,3,15,5,0,38
ENTL,0,0,0,0,0,0,1,0,0,0,1
ENVA,0,0,0,0,0,0,0,0,0,1,1
EPAY,0,0,0,1,0,0,0,0,0,0,1
EPD,0,0,1,0,6,1,1,0,1,0,10
EPP,0,0,1,0,0,0,0,0,0,0,1
EPR,0,0,1,0,0,0,0,0,0,0,1
EQM,0,0,0,0,0,0,3,0,2,0,5
ERIC,0,0,0,0,0,0,0,0,1,0,1
ES,0,0,0,0,0,0,2,0,0,0,2
ESLOY,0,0,0,0,0,0,0,1,0,0,1
ESRX,0,0,4,1,4,2,0,0,0,0,11
ESS,0,0,1,0,0,0,0,0,0,0,1
ESV,0,0,1,1,0,0,0,0,0,0,2
ET,0,0,0,0,0,0,2,4,5,0,11
ETE,0,0,0,3,1,0,0,0,0,0,4
ETHE,0,0,0,0,0,0,0,0,0,1,1
ETN,0,0,2,3,0,3,2,0,1,0,11
ETP,0,0,0,1,5,0,2,0,0,0,8
ETR,0,0,0,0,0,2,0,0,0,0,2
ETY,0,0,0,4,0,5,2,0,2,0,13
EV,0,0,0,0,2,0,1,0,0,0,3
EVOP,0,0,0,0,0,0,0,0,1,1,2
EVR,0,0,0,1,0,0,0,0,0,0,1
EW,0,0,0,0,0,0,0,0,0,1,1
EXC,0,0,0,0,0,2,0,1,0,0,3
EXP,0,0,0,0,0,0,0,0,0,1,1
EXPI,0,0,0,0,0,0,0,0,1,0,1
EXR,0,0,0,0,4,1,0,2,2,0,9
F,0,0,4,0,3,3,5,0,3,4,22
FANG,0,0,0,1,0,0,0,0,0,0,1
FANUY,0,0,0,0,0,1,2,0,0,0,3
FAST,0,0,0,0,0,0,0,0,0,1,1
FB,0,0,12,1,15,6,11,2,7,4,58
FCNTX,0,0,0,0,0,0,0,1,0,0,1
FCPIX,0,0,0,0,0,0,0,0,1,3,4
FCX,0,0,1,1,0,0,0,0,0,3,5
FDC,0,0,0,0,0,19,29,18,0,0,66
FDN,0,0,0,0,0,0,0,0,3,1,4
FDS,0,0,0,0,0,0,1,0,0,0,1
FDSWX,0,0,0,0,0,0,0,0,0,1,1
FDX,0,0,0,0,2,2,3,28,6,0,41
FE,0,0,0,0,2,1,0,0,0,0,3
FEMS,0,0,0,0,0,0,0,0,2,1,3
FET,0,0,0,1,0,0,0,0,0,0,1
FEYE,0,0,2,3,32,5,14,7,3,1,67
FFBC,0,0,1,0,0,0,0,0,0,0,1
FHB,0,0,0,0,0,0,0,0,2,0,2
FIMKX,0,0,0,0,0,0,0,0,1,2,3
FINX,0,0,0,0,0,0,0,0,1,1,2
FIS,0,0,0,0,0,0,0,0,3,0,3
FITB,0,0,0,0,0,0,0,0,1,0,1
FL,0,0,0,0,0,1,0,0,0,0,1
FL4.SG,0,0,0,0,0,0,0,0,0,1,1
FLMVX,0,0,0,0,0,0,0,1,0,0,1
FLR,0,0,0,0,0,2,0,0,0,0,2
FLY,0,0,1,0,0,0,0,0,0,0,1
FMBI,0,0,0,1,0,0,0,0,0,0,1
FMER,0,0,1,0,0,0,0,0,0,0,1
FNF,0,0,1,0,0,0,0,0,0,0,1
FNGN,0,0,0,1,0,0,0,0,0,0,1
FNKO,0,0,0,0,0,0,0,0,4,0,4
FOX,0,0,0,4,0,2,1,2,2,0,11
FOXA,0,0,2,1,3,7,15,1,2,0,31
FPL,0,0,0,0,0,0,0,0,1,0,1
FRIAX,0,0,0,0,0,0,0,0,1,0,1
FRT,0,0,0,0,0,1,1,0,0,0,2
FTNT,0,0,0,0,0,0,0,0,1,1,2
FTV,0,0,0,0,2,0,0,0,1,0,3
FXI,0,0,0,0,0,0,0,0,2,0,2
GAN,0,0,0,0,0,0,0,0,0,1,1
GAS,0,0,0,1,0,0,0,0,0,0,1
GBIL,0,0,0,0,0,0,0,0,7,1,8
GBTC,0,0,0,0,0,0,0,0,0,1,1
GD,0,0,0,0,1,2,2,0,0,1,6
GDDY,0,0,0,0,0,1,0,1,0,0,2
GDV,0,0,0,0,0,0,2,1,0,0,3
GDXJ,0,0,0,0,0,0,0,0,1,0,1
GE,0,0,5,2,13,16,8,3,1,1,49
GEL,0,0,0,0,4,2,0,0,1,0,7
GEM,0,0,0,0,0,0,0,0,1,0,1
GEMIX,0,0,0,0,0,0,0,0,0,3,3
GFAFX,0,0,0,0,0,0,1,0,0,0,1
GGG,0,0,0,0,0,0,0,0,0,1,1
GGSM,0,0,0,0,0,0,0,0,0,1,1
GILD,0,0,2,4,15,7,3,3,1,2,37
GIS,0,0,2,0,0,1,7,2,1,0,13
GLAD,0,0,0,0,0,1,0,0,2,0,3
GLD,0,0,1,0,0,0,1,0,5,1,8
GLNCY,0,0,0,0,0,0,0,0,1,0,1
GLW,0,0,0,4,2,7,12,9,4,0,38
GM,0,0,3,3,3,17,12,1,4,0,43
GMAB,0,0,0,0,0,0,0,0,1,0,1
GME,0,0,0,0,1,1,0,0,0,2,4
GMED,0,0,0,1,0,0,0,0,0,0,1
GNRC,0,0,0,0,0,0,0,0,0,1,1
GNTX,0,0,0,0,0,0,0,0,0,1,1
GOLD,0,0,0,0,0,0,0,0,2,0,2
GOOG,0,0,1,0,2,0,3,2,9,2,19
GOOGL,0,0,2,0,2,1,2,0,2,2,11
GPK,0,0,0,4,0,3,11,14,8,0,40
GPRO,0,0,1,1,0,0,0,0,0,0,2
GRMN,0,0,1,0,0,0,0,0,0,0,1
GRUB,0,0,0,0,0,0,0,0,1,0,1
GS,0,0,2,0,3,3,7,1,3,0,19
GSK,0,0,0,0,0,2,0,0,0,0,2
GSMYX,0,0,0,0,0,0,0,0,1,0,1
GTCSX,0,0,0,0,0,0,0,1,0,0,1
GTX,0,0,0,0,0,0,0,1,0,0,1
GWW,0,0,0,0,1,0,2,0,0,0,3
HACK,0,0,0,0,1,2,1,0,0,0,4
HAL,0,0,0,4,1,0,0,0,2,0,7
HALO,0,0,0,0,0,1,0,0,0,0,1
HAS,0,0,1,0,5,0,0,1,0,0,7
HASI,0,0,0,0,0,0,0,0,1,0,1
HBAN,0,0,0,0,0,1,0,1,0,0,2
HBI,0,0,0,2,0,22,11,2,5,0,42
HCA,0,0,0,0,0,0,0,0,1,0,1
HCC,0,0,1,0,0,0,0,0,0,0,1
HCSG,0,0,0,1,0,0,0,0,0,0,1
HD,0,0,0,1,2,0,1,0,1,0,5
HDS,0,0,0,0,2,0,0,0,0,0,2
HEI,0,0,0,1,0,0,0,0,0,0,1
HELE,0,0,0,0,0,0,0,0,2,0,2
HF,0,0,0,1,0,0,0,0,0,0,1
HFC,0,0,1,0,0,0,0,0,0,0,1
HIG,0,0,0,0,0,0,0,0,6,0,6
HLT,0,0,0,0,0,1,0,1,0,0,2
HLX,0,0,0,1,0,0,0,0,0,0,1
HMC,0,0,2,0,0,0,0,0,0,0,2
HNI,0,0,1,0,0,0,0,0,0,0,1
HOLX,0,0,0,0,1,0,2,1,0,0,4
HON,0,0,5,0,1,1,2,1,2,1,13
HOT,0,0,1,0,1,0,0,0,0,0,2
HPQ,0,0,0,0,0,1,0,0,1,0,2
HQL,0,0,0,0,0,0,0,0,2,0,2
HRL,0,0,0,0,0,1,0,0,0,0,1
HRS,0,0,1,0,0,1,2,0,0,0,4
HSBC,0,0,0,0,1,0,0,0,0,0,1
HSIC,0,0,2,0,0,0,0,0,0,0,2
HSY,0,0,0,1,1,2,0,0,0,1,5
HTGC,0,0,1,0,0,0,0,0,0,0,1
HTS,0,0,1,0,0,0,0,0,0,0,1
HUB-B,0,0,1,0,0,0,0,0,0,0,1
HUBG,0,0,0,1,0,0,0,0,0,0,1
HUN,0,0,1,0,0,0,0,0,3,0,4
HXL,0,0,0,0,0,1,1,0,0,0,2
HYH,0,0,1,1,20,0,0,0,0,0,22
HYT,0,0,1,0,0,0,0,0,0,0,1
IAI,0,0,0,0,1,0,0,0,0,0,1
IART,0,0,0,1,0,0,0,0,0,0,1
IAT,0,0,0,0,0,0,0,0,1,0,1
IBKC,0,0,0,2,0,0,0,0,0,0,2
IBM,0,0,4,0,5,7,7,5,2,1,31
IBM.MX,0,0,0,0,0,0,1,0,0,0,1
ICE,0,0,0,0,0,0,1,1,9,0,11
ICON,0,0,0,1,0,0,0,0,0,0,1
ICUI,0,0,0,1,0,0,0,0,0,0,1
IDV,0,0,1,0,0,0,0,0,1,0,2
IDXX,0,0,0,0,0,0,0,0,0,1,1
IEX,0,0,1,0,0,0,0,0,0,2,3
IHE,0,0,0,1,0,0,1,0,0,0,2
IIN,0,0,0,0,0,0,1,0,0,0,1
IJH,0,0,1,0,0,0,0,0,0,0,1
IJR,0,0,0,0,0,0,0,0,1,0,1
IJS,0,0,0,0,0,0,0,0,0,1,1
ILF,0,0,1,0,0,0,0,0,0,0,1
ILMN,0,0,0,0,0,0,1,0,1,0,2
INCY,0,0,0,0,0,1,1,0,0,0,2
INFY,0,0,0,0,0,2,0,3,0,0,5
INTC,0,0,1,0,2,3,3,8,4,14,35
INTU,0,0,0,0,0,0,1,0,1,2,4
IONS,0,0,0,0,1,0,0,0,0,0,1
IP,0,0,1,1,0,1,1,2,0,0,6
IPCM,0,0,0,1,0,0,0,0,0,0,1
IPHI,0,0,0,0,0,0,0,0,2,0,2
IQV,0,0,0,0,0,0,1,3,0,0,4
IR,0,0,0,0,0,2,0,1,1,0,4
IRBT,0,0,0,0,0,0,0,0,4,0,4
IRET,0,0,0,0,2,0,0,0,0,0,2
IRM,0,0,2,0,0,0,0,0,2,0,4
IRT,0,0,0,0,0,0,0,0,0,1,1
ISIS,0,0,1,0,0,0,0,0,0,0,1
ISRG,0,0,0,0,2,0,2,3,0,0,7
ITC,0,0,0,1,1,0,0,0,0,0,2
ITW,0,0,0,1,1,0,3,1,0,1,7
IVV,0,0,0,0,0,0,0,0,1,1,2
IVZ,0,0,0,1,3,0,1,2,0,0,7
IWD,0,0,0,1,0,0,0,0,1,0,2
IWF,0,0,0,0,0,0,1,1,0,0,2
IWM,0,0,0,0,0,0,0,0,1,1,2
IWN,0,0,0,0,0,0,0,0,1,0,1
IXP,0,0,1,0,0,0,0,0,0,0,1
IYE,0,0,0,0,0,0,1,0,0,0,1
IYT,0,0,0,1,3,2,1,0,0,0,7
J,0,0,0,0,0,0,0,0,0,1,1
JCI,0,0,0,1,2,3,0,1,1,1,9
JCOM,0,0,1,1,0,0,0,0,0,0,2
JD,0,0,0,0,0,0,0,0,1,0,1
JETS,0,0,0,0,0,0,1,0,0,0,1
JJSF,0,0,0,1,0,0,0,0,0,0,1
JKHY,0,0,0,0,0,1,0,0,0,0,1
JNJ,0,0,1,1,3,6,5,2,5,2,25
JNK,0,0,0,0,0,0,0,2,0,0,2
JPJQL,0,0,1,0,0,0,0,0,0,0,1
JPM,0,0,2,0,2,8,11,1,8,2,34
JWN,0,0,0,0,1,0,0,0,0,0,1
K,0,0,0,0,0,1,0,0,5,0,6
KAR,0,0,0,0,0,2,0,0,0,0,2
KDP,0,0,0,0,0,0,0,2,0,0,2
KEY,0,0,0,0,1,2,0,0,1,0,4
KEYS,0,0,1,0,0,0,0,0,2,1,4
KHC,0,0,0,1,2,2,3,2,1,0,11
KL,0,0,0,0,0,0,0,0,1,0,1
KLAC,0,0,0,0,0,0,0,0,6,10,16
KLXI,0,0,2,1,0,0,0,0,0,0,3
KMB,0,0,0,2,0,2,0,0,0,2,6
KMI,0,0,1,2,0,5,3,2,3,0,16
KMP,0,1,0,0,0,0,0,0,0,0,1
KMX,0,0,0,0,0,0,3,1,0,0,4
KN,0,0,0,14,3,0,11,3,0,0,31
KNX,0,0,0,0,0,0,0,0,1,0,1
KO,0,0,2,2,1,3,1,7,5,0,21
KORS,0,0,6,4,0,0,0,0,0,0,10
KR,0,0,0,0,0,0,0,6,26,1,33
KRFT,0,0,0,2,0,0,0,0,0,0,2
KSS,0,0,0,0,0,2,1,0,1,0,4
KSU,0,0,5,0,0,0,0,0,0,0,5
KTB,0,0,0,0,0,0,0,3,0,0,3
KWEB,0,0,0,0,0,0,0,0,2,0,2
KWR,0,0,0,1,0,0,0,0,0,0,1
KYCCF,0,0,0,0,0,1,0,1,0,0,2
LB,0,0,0,0,0,3,0,0,0,0,3
LBTYA,0,0,1,0,0,0,0,0,0,0,1
LBTYK,0,0,1,0,0,0,0,0,0,0,1
LDP,0,0,0,0,0,0,0,0,5,0,5
LDR,0,0,1,0,0,0,0,0,0,0,1
LEA,0,0,0,0,0,0,2,0,0,0,2
LECO,0,0,1,0,0,0,0,0,0,0,1
LGF-B,0,0,0,0,0,0,27,8,1,0,36
LGI,0,0,0,0,0,0,0,1,2,0,3
LGP,0,0,2,0,0,0,0,0,0,0,2
LH,0,0,0,0,0,0,1,1,0,0,2
LHX,0,0,0,0,0,0,0,0,2,0,2
LIN,0,0,0,0,0,0,2,0,0,0,2
LINE,0,0,1,0,0,0,0,0,0,0,1
LL,0,0,0,1,0,0,0,0,0,0,1
LLTC,0,0,0,2,1,1,0,0,0,0,4
LLY,0,0,0,0,0,0,0,0,2,0,2
LM09.SG,0,0,0,0,0,0,4,0,0,0,4
LMACU,0,0,0,0,0,0,0,0,0,1,1
LMGEX,0,0,1,0,0,0,0,0,0,0,1
LMND,0,0,0,0,0,0,0,0,0,1,1
LMRK,0,0,0,0,0,0,0,0,1,1,2
LMT,0,0,0,0,1,1,2,0,2,0,6
LNC,0,0,1,0,0,0,0,0,0,0,1
LNG,0,0,0,0,0,0,2,3,3,0,8
LNKD,0,0,4,0,0,0,0,0,0,0,4
LNT,0,0,1,6,0,0,0,0,0,0,7
LOCK,0,0,0,1,0,0,0,0,0,0,1
LOW,0,0,2,0,3,1,3,0,4,0,13
LQDT,0,0,0,4,0,0,0,0,0,0,4
LRCX,0,0,0,2,2,1,3,0,0,0,8
LRLCY,0,0,0,0,0,1,0,1,0,0,2
LSCC,0,0,0,2,0,1,2,0,0,0,5
LSTR,0,0,0,1,0,0,0,0,0,0,1
LUBFX,0,0,0,0,0,0,0,0,4,1,5
LULU,0,0,0,0,0,0,1,0,1,0,2
LVLT,0,0,0,0,0,1,0,0,0,0,1
LVMUY,0,0,0,0,0,1,0,0,0,0,1
LVS,0,0,1,0,0,1,0,1,0,0,3
LW,0,0,0,0,1,1,0,0,0,0,2
LYB,0,0,0,0,0,3,0,1,0,0,4
LYV,0,0,0,0,6,17,3,5,7,0,38
M,0,0,7,3,0,0,0,3,3,0,16
MA,0,0,0,0,3,1,0,2,5,0,11
MALOX,0,0,0,0,0,0,1,1,0,0,2
MANT,0,0,0,0,0,0,0,0,2,0,2
MAR,0,0,0,0,1,0,0,0,4,0,5
MASI,0,0,0,1,0,0,0,0,0,0,1
MAT,0,0,0,0,0,1,0,0,0,0,1
MAXR,0,0,0,0,0,0,0,0,1,0,1
MBXIX,0,0,0,0,0,0,0,0,4,0,4
MCC,0,0,0,0,0,1,0,0,0,0,1
MCD,0,0,0,1,4,1,3,2,1,0,12
MCHP,0,0,2,0,0,1,2,0,0,1,6
MCK,0,0,4,0,3,2,0,0,0,0,9
MCO,0,0,0,0,0,1,0,1,0,0,2
MDC,0,0,0,0,0,1,0,0,0,0,1
MDCA,0,0,0,1,0,0,0,0,0,0,1
MDDVX,0,0,2,0,0,0,0,0,0,0,2
MDLZ,0,0,1,0,0,2,3,2,3,0,11
MDP,0,0,1,0,0,0,0,0,0,0,1
MDT,0,0,0,1,2,4,4,1,2,0,14
MDU,0,0,0,1,1,0,0,0,0,0,2
MET,0,0,2,0,2,2,1,1,1,0,9
MFCDX,0,0,1,0,0,0,0,0,0,0,1
MFRM,0,0,0,1,0,0,0,0,0,0,1
MG,0,0,0,1,0,0,0,0,0,0,1
MGA,0,0,0,0,0,2,1,0,0,0,3
MGEMX,0,0,0,1,0,0,0,0,0,0,1
MGRC,0,0,1,0,0,0,0,0,0,0,1
MIK,0,0,1,1,0,0,0,0,0,0,2
MKC,0,0,0,0,0,0,0,1,0,0,1
MLPRX,0,0,1,0,0,0,0,0,0,0,1
MMC,0,0,1,1,0,2,0,0,0,0,4
MMM,0,0,0,1,1,1,2,0,2,2,9
MMP,0,0,0,0,1,0,2,1,1,0,5
MNRO,0,0,0,1,0,0,0,0,0,0,1
MO,0,0,1,0,1,2,0,1,2,0,7
MOS,0,0,0,1,3,8,21,5,0,0,38
MPC,0,0,0,0,0,0,0,3,4,0,7
MPLX,0,0,0,1,2,0,0,4,2,0,9
MPW,0,0,1,0,0,1,0,0,1,0,3
MPWR,0,0,0,0,0,0,0,0,0,1,1
MRAAY,0,0,0,0,0,1,0,1,0,0,2
MRK,0,0,0,4,2,20,6,3,8,2,45
MRVL,0,0,0,0,0,0,0,0,1,0,1
MS,0,0,0,0,0,2,1,0,0,0,3
MSACX,0,0,0,1,0,0,0,0,0,0,1
MSFT,0,0,6,2,15,5,9,11,24,9,81
MSM,0,0,0,0,0,0,0,2,4,0,6
MSTY.PA,0,0,0,0,0,0,2,0,0,0,2
MTB,0,0,0,0,0,2,0,0,0,0,2
MTCH,0,0,0,0,0,0,0,0,2,1,3
MTD,0,0,0,1,1,0,0,0,0,0,2
MTSC,0,0,1,0,0,0,0,0,0,0,1
MTUM,0,0,0,0,1,0,1,0,0,1,3
MU,0,0,0,0,0,0,3,1,9,0,13
MXIM,0,0,1,0,0,2,0,0,0,0,3
MYL,0,0,0,2,2,2,2,1,0,0,9
NBL,0,0,0,1,0,0,0,0,0,0,1
NCR,0,0,0,0,1,0,0,0,0,0,1
NDAQ,0,0,0,0,0,0,0,2,0,0,2
NDSN,0,0,0,0,0,0,0,0,0,1,1
NEE,0,0,3,0,1,2,3,0,0,0,9
NEE-PC,0,0,0,0,0,1,0,0,0,0,1
NFLX,0,0,9,8,6,7,14,6,27,1,78
NFX,0,0,0,0,2,1,0,0,0,0,3
NGG,0,0,1,0,0,2,0,0,0,0,3
NGIPX,0,0,0,2,0,0,0,0,0,0,2
NGLS,0,0,0,3,0,0,0,0,0,0,3
NICE,0,0,0,2,0,0,0,0,0,0,2
NKE,0,0,1,0,4,2,2,0,3,0,12
NKLA,0,0,0,0,0,0,0,0,2,0,2
NNVC,0,0,0,0,0,0,0,0,1,0,1
NOC,0,0,0,0,1,3,7,4,1,0,16
NOG,0,0,0,2,0,0,0,0,0,0,2
NOK,0,0,0,0,0,0,0,0,0,1,1
NOV,0,0,2,0,0,0,0,0,0,0,2
NPK,0,0,0,0,0,1,0,0,0,0,1
NPSND,0,0,0,0,0,1,0,0,0,0,1
NPSNY,0,0,0,0,0,0,0,1,0,0,1
NRDY,0,0,0,0,0,0,0,0,0,1,1
NS,0,0,0,0,0,0,0,0,0,1,1
NSC,0,0,0,0,2,0,3,1,1,0,7
NSR,0,0,0,1,0,0,0,0,0,0,1
NSRGY,0,0,2,0,2,3,3,3,0,0,13
NTAP,0,0,0,0,0,0,0,0,1,0,1
NTES,0,0,0,0,0,0,0,0,0,1,1
NTI,0,0,1,0,0,0,0,0,0,0,1
NTLA,0,0,0,0,0,1,1,0,1,0,3
NTRA,0,0,0,0,0,0,0,0,0,1,1
NTRP,0,0,0,0,0,0,1,0,2,0,3
NUAN,0,0,0,0,0,0,0,0,1,1,2
NUE,0,0,0,0,1,0,0,0,0,0,1
NVAX,0,0,0,0,0,0,0,0,2,0,2
NVDA,0,0,0,0,5,6,8,2,28,2,51
NVO,0,0,0,0,0,1,0,1,1,0,3
NVS,0,0,0,0,1,2,2,3,0,1,9
NWL,0,0,2,0,6,4,0,0,0,1,13
NWN,0,0,0,1,0,0,0,0,0,0,1
NWS,0,0,0,0,0,0,0,0,2,0,2
NWSA,0,0,1,0,0,0,0,4,4,0,9
NXPI,0,0,2,0,0,4,0,0,0,0,6
NXTG,0,0,0,0,0,0,0,0,1,1,2
O,0,0,0,0,0,0,0,0,0,1,1
OAYIX,0,0,0,0,0,0,0,0,1,0,1
ODFL,0,0,0,0,0,0,0,0,0,1,1
OFC,0,0,0,1,0,0,1,0,0,1,3
OGN,0,0,0,0,0,0,0,0,0,1,1
OGS,0,0,1,0,0,0,0,0,0,0,1
OHI,0,0,1,0,0,0,0,0,2,0,3
OKE,0,0,1,0,2,2,4,4,2,0,15
OKS,0,0,0,0,1,0,0,0,0,0,1
OLN,0,0,1,0,0,0,0,0,0,0,1
OMCL,0,0,0,1,0,0,0,0,0,0,1
ON,0,0,0,0,0,0,2,0,0,0,2
ONEQ,0,0,0,0,0,0,0,0,0,1,1
ORCL,0,0,4,0,3,1,0,3,8,0,19
ORLY,0,0,0,0,0,0,0,0,1,0,1
OSK,0,0,0,0,0,0,0,0,3,0,3
OTIS,0,0,0,0,0,0,0,0,1,0,1
OXY,0,0,1,1,1,1,1,2,1,15,23
PAA,0,0,0,9,3,0,0,3,1,0,16
PAAS,0,0,0,0,0,0,0,0,1,0,1
PACW,0,0,1,0,0,0,0,0,0,0,1
PAGP,0,0,0,1,0,0,1,3,3,0,8
PAGS,0,0,0,0,0,0,0,0,1,0,1
PANW,0,0,3,0,0,2,0,0,2,0,7
PAYX,0,0,0,0,1,2,2,0,0,0,5
PBA,0,0,0,0,0,1,0,3,3,1,8
PBCT,0,0,1,0,0,0,0,0,0,0,1
PBH,0,0,0,1,0,0,0,0,0,0,1
PCAR,0,0,2,1,0,0,0,0,0,0,3
PCLN,0,0,0,1,0,1,0,0,0,0,2
PCP,0,0,1,0,0,0,0,0,0,0,1
PCY,0,0,0,1,0,0,0,0,0,0,1
PDM,0,0,0,0,0,1,0,0,0,0,1
PDRDY,0,0,0,0,0,1,0,1,0,0,2
PEB,0,0,0,1,0,0,0,0,0,0,1
PEGA,0,0,0,0,0,0,0,0,0,1,1
PENN,0,0,0,0,0,0,0,0,0,1,1
PEP,0,0,4,1,2,4,9,7,3,1,31
PEY,0,0,0,0,1,1,0,0,0,0,2
PFE,0,0,0,6,16,20,19,0,13,2,76
PFS,0,0,4,11,1,0,4,0,0,0,20
PG,0,0,1,6,8,5,10,6,7,1,44
PGH,0,0,1,0,0,0,0,0,0,0,1
PGR,0,0,0,0,0,0,0,1,1,0,2
PHLD,0,0,0,0,0,1,0,0,0,0,1
PII,0,0,0,0,0,0,2,0,1,2,5
PINS,0,0,0,0,0,0,0,0,0,1,1
PKG,0,0,1,0,0,0,0,0,1,0,2
PKI,0,0,0,2,2,7,0,0,0,0,11
PL,0,0,1,0,0,0,0,0,0,0,1
PLD,0,0,0,0,0,0,0,0,2,0,2
PLKI,0,0,0,1,0,0,0,0,0,0,1
PLT,0,0,0,1,0,0,0,0,0,0,1
PLUG,0,0,0,0,0,0,0,0,1,0,1
PM,0,0,0,0,0,1,0,1,1,0,3
PNFP,0,0,0,0,0,0,0,0,0,1,1
PNM,0,0,1,0,0,0,0,0,0,0,1
PNQI,0,0,1,2,0,0,0,0,1,0,4
PODD,0,0,0,0,0,0,4,0,1,0,5
POT,0,0,0,0,0,1,0,0,0,0,1
POWI,0,0,0,1,0,0,0,0,0,0,1
PPG,0,0,1,0,1,0,0,1,0,0,3
PPL,0,0,1,0,0,2,0,1,0,0,4
PRA,0,0,0,1,0,0,0,0,0,0,1
PRAA,0,0,0,1,0,0,0,0,0,0,1
PRE,0,0,1,0,0,0,0,0,0,0,1
PRGO,0,0,1,0,3,0,0,0,0,0,4
PRIM,0,0,0,1,0,0,0,0,0,0,1
PRJAX,0,0,0,0,0,0,0,0,1,0,1
PRLB,0,0,0,1,0,0,0,0,0,0,1
PRNHX,0,0,0,0,0,0,0,1,0,0,1
PRPFX,0,0,0,1,0,0,0,0,0,0,1
PRU,0,0,2,1,2,3,0,1,10,0,19
PSA,0,0,0,0,3,2,0,0,3,0,8
PSQ,0,0,0,0,0,0,0,0,0,6,6
PSX,0,0,1,1,0,0,2,0,2,0,6
PSXP,0,0,0,0,0,0,0,0,4,0,4
PTEN,0,0,0,0,0,1,0,0,0,0,1
PTLC,0,0,0,0,0,0,0,0,2,0,2
PTMC,0,0,0,0,0,1,0,0,2,0,3
PTNQ,0,0,0,0,0,0,0,0,2,0,2
PTON,0,0,0,0,0,0,0,0,0,1,1
PWE,0,0,1,0,0,0,0,0,0,0,1
PX,0,0,1,0,3,0,4,0,0,0,8
PYPL,0,0,0,1,0,4,1,2,11,8,27
Q,0,0,0,0,0,4,0,0,0,0,4
QCOM,0,0,1,4,3,14,4,3,3,3,35
QLEIX,0,0,0,0,0,0,0,0,2,0,2
QLIK,0,0,3,2,0,0,0,0,0,0,5
QQQ,0,0,1,1,0,0,0,0,0,4,6
QRTEA,0,0,0,0,0,0,0,0,0,1,1
QRTEP,0,0,0,0,0,0,0,0,0,1,1
QSR,0,0,0,0,0,0,0,0,2,0,2
QTEC,0,0,0,0,0,0,0,0,1,0,1
RAI,0,0,0,0,1,1,0,0,0,0,2
RAVN,0,0,0,1,0,0,0,0,0,0,1
RBA,0,0,0,1,0,0,0,0,0,0,1
RBGLY,0,0,0,0,0,1,0,1,0,0,2
RCL,0,0,0,0,0,1,1,0,0,0,2
RDS-A,0,0,0,0,0,0,1,0,0,0,1
RDS-B,0,0,0,0,1,1,3,1,3,0,9
RDSA,0,0,0,0,0,0,0,0,0,1,1
RDSA.AS,0,0,0,0,0,0,0,1,0,0,1
REGN,0,0,1,0,3,2,0,0,0,1,7
REVB,0,0,0,0,0,4,10,1,0,0,15
REZI,0,0,0,0,0,0,2,1,3,0,6
RF,0,0,0,1,0,13,13,3,3,0,33
RGC,0,0,0,0,0,2,0,0,0,0,2
RHHBY,0,0,2,0,0,3,2,0,0,0,7
RHI,0,0,0,0,0,1,0,0,0,0,1
RHP,0,0,0,0,0,0,0,0,0,2,2
RHT,0,0,3,0,2,0,1,1,0,0,7
RIG,0,0,1,0,0,0,0,0,0,0,1
RIO,0,0,0,0,0,0,0,0,1,0,1
RL,0,0,0,1,1,0,0,0,2,0,4
RMD,0,0,0,0,0,1,0,0,2,1,4
RNR,0,0,0,0,0,0,0,0,0,2,2
RNWK,0,0,4,0,1,0,0,0,0,0,5
ROAD,0,0,0,0,0,0,0,0,0,1,1
ROC,0,0,1,0,0,0,0,0,0,0,1
RODM,0,0,0,0,0,0,0,0,2,2,4
ROK,0,0,0,0,0,0,0,0,0,1,1
ROKU,0,0,0,0,0,0,0,0,1,0,1
ROLL,0,0,0,1,0,0,0,0,0,0,1
ROP,0,0,2,0,0,0,0,0,0,0,2
ROST,0,0,0,0,0,0,0,0,4,0,4
RPM,0,0,1,0,0,0,4,2,3,1,11
RRC,0,0,0,0,1,0,0,0,0,0,1
RRTS,0,0,0,1,0,0,0,0,0,0,1
RSP,0,0,1,0,0,0,0,0,0,0,1
RSPP,0,0,0,1,0,2,0,0,0,0,3
RTH,0,0,0,0,0,0,0,0,3,0,3
RTN,0,0,2,2,0,4,2,1,3,0,14
RTX,0,0,0,0,0,0,0,0,2,0,2
RYAAY,0,0,0,0,1,0,1,0,0,0,2
RYAM,0,0,1,0,0,0,0,0,0,0,1
RYN,0,0,1,0,0,0,0,0,0,0,1
RYT,0,0,0,0,0,0,1,0,0,0,1
SABR,0,0,0,0,0,2,0,0,0,0,2
SAFRY,0,0,0,0,0,0,0,1,0,0,1
SAP,0,0,0,0,0,0,0,0,1,0,1
SBGI,0,0,1,0,0,0,0,0,0,0,1
SBIO,0,0,0,0,0,0,0,0,3,1,4
SBUX,0,0,5,2,6,8,5,0,12,0,38
SBUX.SW,0,0,0,1,0,0,0,0,0,0,1
SCCO,0,0,0,0,1,0,0,0,0,4,5
SCG,0,0,0,0,0,1,0,0,0,0,1
SCHW,0,0,1,0,0,0,0,0,0,0,1
SDOG,0,0,0,0,0,0,0,0,0,1,1
SDY,0,0,1,0,0,0,0,0,0,0,1
SE,0,0,1,2,5,0,0,0,0,0,8
SEIC,0,0,0,0,0,0,0,0,0,1,1
SFTBY,0,0,0,0,0,1,0,1,0,0,2
SGAPY,0,0,0,0,0,2,0,0,0,0,2
SGY,0,0,0,1,0,0,0,0,0,0,1
SH,0,0,0,0,0,0,0,0,0,6,6
SHECY,0,0,0,0,0,0,1,0,0,0,1
SHLX,0,0,0,0,0,0,6,0,2,0,8
SHOO,0,0,0,1,0,0,0,0,0,0,1
SHOP,0,0,0,0,0,0,0,0,0,1,1
SHPG,0,0,0,0,1,0,0,0,0,0,1
SHW,0,0,0,0,0,0,1,1,0,0,2
SHY,0,0,0,1,1,0,0,0,0,0,2
SI,0,0,0,0,0,0,0,0,1,0,1
SIEGY,0,0,0,0,0,1,0,1,1,0,3
SIGI,0,0,0,1,0,0,0,0,0,0,1
SIL,0,0,0,0,0,0,0,0,2,0,2
SIVB,0,0,0,0,0,0,0,0,0,1,1
SJM,0,0,0,0,1,1,0,0,0,0,2
SJR,0,0,1,0,0,0,0,0,0,0,1
SLB,0,0,5,1,3,10,5,3,2,0,29
SLY,0,0,0,1,0,0,0,0,0,0,1
SMECF,0,0,0,0,0,1,0,0,0,0,1
SMEZ,0,0,0,1,0,0,0,0,0,0,1
SMG,0,0,0,0,0,0,0,1,0,0,1
SMTC,0,0,0,1,0,0,0,0,0,0,1
SNA,0,0,1,0,0,1,0,0,0,1,3
SNAP,0,0,0,0,0,0,0,0,0,1,1
SNOW,0,0,0,0,0,0,0,0,0,1,1
SNPS,0,0,0,0,0,0,0,0,1,0,1
SNY,0,0,0,0,0,2,0,0,0,0,2
SO,0,0,0,0,3,4,0,0,1,0,8
SOJA,0,0,0,0,0,0,0,0,1,0,1
SOUHY,0,0,0,0,0,1,0,0,0,0,1
SPG,0,0,0,0,1,3,0,0,0,1,5
SPOT,0,0,0,0,0,0,0,0,1,0,1
SPSC,0,0,0,1,0,0,0,0,0,0,1
SPY,0,0,0,5,5,4,7,5,4,0,30
SPY160219P00180000,0,0,0,0,3,0,0,0,0,0,3
SQ,0,0,0,0,0,0,1,1,3,1,6
SQI,0,0,0,1,0,0,0,0,0,0,1
SRCL,0,0,2,0,2,0,0,0,0,0,4
SRE,0,0,1,0,0,0,0,1,0,0,2
SRVR,0,0,0,0,0,0,0,0,3,0,3
SSB,0,0,0,1,0,0,0,0,0,0,1
SSBK,0,0,0,0,0,0,0,0,0,1,1
SSDOY,0,0,0,0,0,2,0,0,0,0,2
SSYS,0,0,2,1,0,0,0,0,0,7,10
ST,0,0,0,0,0,1,1,0,0,0,2
STAG,0,0,0,1,0,0,0,0,0,1,2
STE,0,0,1,0,0,0,0,0,0,0,1
STI,0,0,0,0,0,2,0,0,0,0,2
STT,0,0,1,1,1,2,2,3,3,0,13
STX,0,0,0,0,0,0,0,0,2,1,3
STZ,0,0,0,0,0,0,2,0,3,1,6
SU,0,0,0,0,0,2,4,1,1,0,8
SUN,0,0,0,0,0,0,4,2,1,0,7
SWI,0,0,0,1,0,0,0,0,0,0,1
SWKS,0,0,0,0,0,0,0,1,5,1,7
SWN,0,0,0,0,1,0,0,0,0,0,1
SXT,0,0,0,1,0,0,0,0,0,0,1
SYF,0,0,0,0,2,2,0,0,0,0,4
SYK,0,0,0,0,1,3,1,4,1,0,10
SYMC,0,0,1,0,0,0,0,0,0,0,1
SYY,0,0,0,2,1,2,3,2,5,0,15
SYY.SG,0,0,0,0,1,0,0,0,0,0,1
T,0,0,5,4,2,12,11,17,17,2,70
TAL,0,0,1,0,0,0,0,0,0,0,1
TAP,0,0,0,8,0,2,1,0,0,0,11
TBF,0,0,0,2,2,0,0,0,0,0,4
TBT,0,0,0,0,0,0,2,0,0,0,2
TCAP,0,0,1,0,0,0,0,0,0,0,1
TCBI,0,0,0,1,0,0,0,0,0,0,1
TCEHY,0,0,0,0,0,0,0,0,5,0,5
TCMD,0,0,0,0,0,0,2,0,0,0,2
TCP,0,0,0,0,0,0,0,2,1,0,3
TCS,0,0,0,2,0,3,0,0,0,0,5
TD,0,0,0,0,0,1,0,0,0,0,1
TDG,0,0,0,0,0,0,0,0,2,0,2
TDY,0,0,0,0,0,0,0,0,0,1,1
TECH,0,0,0,1,0,0,0,0,0,0,1
TEL,0,0,1,0,0,2,1,2,1,0,7
TER,0,0,0,0,0,0,0,0,0,1,1
TEVA,0,0,0,0,1,1,0,0,0,0,2
TEX,0,0,0,0,0,0,0,0,1,0,1
TFC,0,0,0,0,0,0,0,2,2,0,4
TFX,0,0,1,0,0,0,0,0,0,0,1
TGBAX,0,0,0,0,0,0,0,1,0,0,1
TGT,0,0,1,1,0,5,3,2,2,0,14
THRM,0,0,0,1,0,0,0,0,0,0,1
THS,0,0,0,1,0,0,0,0,0,0,1
TJX,0,0,1,0,4,5,1,0,5,0,16
TLLP,0,0,0,0,0,1,0,0,0,0,1
TM,0,0,0,0,1,0,0,0,0,0,1
TMK,0,0,0,0,2,0,0,0,0,0,2
TMO,0,0,0,0,6,2,2,2,1,1,14
TMUS,0,0,0,0,0,3,0,0,0,0,3
TNGO,0,0,0,1,0,0,0,0,0,0,1
TNTOF,0,0,0,0,0,0,0,1,0,0,1
TOLLX,0,0,3,0,0,0,0,0,0,0,3
TOT,0,0,0,0,0,0,0,1,0,0,1
TRGP,0,0,0,0,2,0,1,8,4,0,15
TRIP,0,0,1,1,0,0,0,0,3,0,5
TRIT,0,0,0,0,0,0,0,0,0,1,1
TROW,0,0,0,0,1,0,0,0,2,0,3
TRP,0,0,0,0,0,3,2,8,7,0,20
TRV,0,0,1,0,0,2,0,0,3,0,6
TSCIX,0,0,0,0,0,0,0,1,0,0,1
TSCO,0,0,0,0,1,0,1,0,0,0,2
TSLA,0,0,0,0,0,4,3,2,9,1,19
TSM,0,0,0,0,0,2,0,2,0,0,4
TSN,0,0,0,0,0,1,0,0,2,0,3
TT,0,0,0,0,0,0,0,0,2,0,2
TTC,0,0,0,1,0,0,0,0,0,0,1
TTD,0,0,0,0,0,0,0,0,0,2,2
TU,0,0,1,1,0,0,0,0,0,0,2
TUMI,0,0,0,1,0,0,0,0,0,0,1
TUP,0,0,1,0,0,2,0,0,0,0,3
TWO,0,0,0,0,0,0,0,1,0,0,1
TWTR,0,0,2,1,3,2,0,0,0,0,8
TWX,0,0,2,0,0,2,2,0,0,0,6
TXN,0,0,1,0,0,0,0,2,2,0,5
TXRH,0,0,0,1,0,0,0,0,0,0,1
TYPE,0,0,0,1,0,0,0,0,0,0,1
UA,0,0,0,2,5,0,0,0,0,1,8
UA-C,0,0,0,0,1,0,0,0,0,0,1
UAA,0,0,0,0,1,0,0,2,0,1,4
UBER,0,0,0,0,0,0,0,0,2,0,2
UBSI,0,0,0,0,0,0,2,0,0,1,3
UHAL,0,0,0,0,0,0,3,2,3,0,8
UL,0,0,5,1,1,3,0,0,2,0,12
UMPQ,0,0,1,0,0,0,0,0,0,0,1
UN,0,0,0,0,0,3,0,1,1,0,5
UNFI,0,0,0,0,0,0,2,0,0,0,2
UNH,0,0,1,0,0,2,4,1,1,0,9
UNP,0,0,2,1,1,1,1,0,0,0,6
UPS,0,0,1,0,0,3,10,1,7,0,22
URBN,0,0,0,0,0,21,20,14,10,0,65
URI,0,0,0,0,0,0,0,0,1,0,1
USB,0,0,0,0,2,5,6,2,2,4,21
USG,0,0,0,0,4,1,11,0,0,0,16
UTX,0,0,3,2,2,2,2,1,1,0,13
V,0,0,3,0,2,1,4,2,8,0,20
VAC,0,0,0,0,0,0,0,0,3,0,3
VADDX,0,0,0,1,0,0,0,0,0,0,1
VAR,0,0,1,0,0,0,0,0,0,0,1
VDC,0,0,1,0,0,0,0,0,0,0,1
VEA,0,0,0,0,0,0,0,0,1,0,1
VEEV,0,0,0,0,0,0,0,0,0,1,1
VEVIX,0,0,0,0,0,1,0,0,0,0,1
VFC,0,0,5,1,5,1,3,1,1,0,17
VFIJX,0,0,0,0,0,0,0,1,0,0,1
VGK,0,0,0,0,0,0,1,0,0,0,1
VGR,0,0,0,0,0,0,0,1,0,0,1
VIAB,0,0,0,0,1,1,0,0,0,0,2
VIAC,0,0,0,0,0,0,0,1,7,0,8
VIAV,0,0,0,0,0,0,0,0,1,1,2
VIXY,0,0,2,0,0,0,0,0,0,0,2
VLO,0,0,0,1,2,0,0,0,0,0,3
VLP,0,0,0,2,0,0,5,0,0,0,7
VMC,0,0,0,0,0,0,0,1,4,0,5
VMIIX,0,0,0,1,0,0,0,0,0,0,1
VMW,0,0,0,0,1,0,0,0,0,1,2
VOD,0,0,3,0,1,0,0,0,1,0,5
VOO,0,0,0,0,0,0,0,0,1,0,1
VPMAX,0,0,0,0,0,0,0,1,0,0,1
VPU,0,0,0,0,0,0,0,0,0,1,1
VR,0,0,1,0,0,0,0,0,0,0,1
VRM,0,0,0,0,0,0,0,0,0,2,2
VRTX,0,0,0,1,0,0,1,1,0,0,3
VRX,0,0,2,0,0,0,0,0,0,0,2
VSAT,0,0,0,0,1,0,0,0,0,0,1
VSI,0,0,0,1,0,0,0,0,0,0,1
VSM,0,0,0,0,5,17,0,0,0,0,22
VSMIX,0,0,0,1,0,0,0,0,0,0,1
VTKLY,0,0,0,0,0,1,0,0,0,0,1
VTR,0,0,0,0,0,1,0,0,1,0,2
VTRS,0,0,0,0,0,0,0,0,1,0,1
VVC,0,0,1,0,0,0,0,0,0,0,1
VWO,0,0,1,1,1,0,1,0,1,0,5
VZ,0,0,1,2,3,7,1,3,7,3,27
W,0,0,0,0,0,0,0,0,5,0,5
WAB,0,0,0,0,0,0,1,0,0,0,1
WAGE,0,0,0,1,0,0,0,0,0,0,1
WAL,0,0,0,1,0,0,0,0,0,2,3
WASCX,0,0,1,0,0,0,0,0,0,0,1
WASH,0,0,1,0,0,0,0,0,0,0,1
WAT,0,0,0,0,0,0,0,1,0,1,2
WBA,0,0,0,0,2,5,1,0,0,0,8
WCMIX,0,0,0,0,0,0,0,0,1,0,1
WCN,0,0,1,1,1,0,0,0,0,0,3
WDAY,0,0,0,0,0,0,0,0,4,0,4
WDC,0,0,0,0,0,0,0,0,2,0,2
WEC,0,0,1,0,1,1,2,0,0,0,5
WES,0,0,0,0,0,0,2,3,2,0,7
WETF,0,0,0,0,3,1,0,0,0,0,4
WEX,0,0,0,0,0,0,0,1,0,0,1
WF,0,0,0,0,0,3,0,0,0,0,3
WFC,0,0,1,2,4,7,8,9,12,6,49
WFM,0,0,0,0,8,14,0,0,0,0,22
WGP,0,0,0,0,0,0,0,1,0,0,1
WIN,0,0,1,0,0,0,0,0,0,0,1
WIW,0,0,0,0,0,0,0,0,4,0,4
WLK,0,0,0,0,11,12,0,0,0,0,23
WM,0,0,1,0,4,1,0,0,1,0,7
WMB,0,0,0,0,11,2,7,1,5,0,26
WMT,0,0,1,0,3,17,12,1,9,0,43
WOOF,0,0,0,3,0,7,0,0,0,0,10
WPC,0,0,0,0,1,1,1,0,0,0,3
WPX,0,0,0,13,1,4,11,11,4,0,44
WPZ,0,0,0,11,3,0,1,0,0,0,15
WRK,0,0,0,0,0,2,0,0,0,0,2
WST,0,0,0,1,0,0,0,0,0,1,2
WSTMX,0,0,0,1,0,0,0,0,0,0,1
WTR,0,0,0,0,1,0,0,0,0,0,1
WTW,0,0,0,0,0,4,5,1,0,0,10
WW,0,0,0,0,0,0,0,1,1,1,3
WY,0,0,1,0,0,0,4,0,0,1,6
X,0,0,0,0,0,0,0,0,0,10,10
XAR,0,0,0,0,0,0,0,0,1,0,1
XBI,0,0,0,0,0,3,2,1,0,0,6
XCAPX,0,0,0,0,0,0,0,0,1,1,2
XEL,0,0,0,0,0,1,0,0,0,0,1
XER.BE,0,0,0,0,1,0,0,0,0,0,1
XLI,0,0,0,2,0,0,0,0,0,0,2
XLNX,0,0,2,0,0,0,1,3,0,0,6
XLS-WI,0,0,0,6,0,0,0,0,0,0,6
XLU,0,0,0,2,0,0,0,0,0,0,2
XLV,0,0,0,1,0,0,0,0,0,0,1
XLY,0,0,0,0,0,0,0,0,0,1,1
XOM,0,0,2,1,1,7,13,9,9,2,44
XON,0,0,0,0,0,4,0,0,0,0,4
XPO,0,0,0,0,0,0,4,0,0,0,4
XRAY,0,0,1,0,0,0,0,0,0,0,1
XRT,0,0,1,1,0,0,0,0,0,0,2
XSD,0,0,0,0,4,1,1,0,0,0,6
XSLV,0,0,0,0,0,0,0,2,0,0,2
YACKX,0,0,0,0,1,0,0,0,0,0,1
YHOO,0,0,1,0,0,0,0,0,0,0,1
YUM,0,0,2,0,0,1,0,0,0,0,3
YUMC,0,0,0,0,0,1,0,0,0,0,1
ZAYO,0,0,0,0,0,0,0,2,0,0,2
ZBH,0,0,0,0,4,0,0,0,0,0,4
ZIOP,0,0,0,0,0,1,0,0,0,0,1
ZM,0,0,0,0,0,0,0,0,2,0,2
ZMH,0,0,2,0,0,0,0,0,0,0,2
ZNGA,0,0,1,1,2,0,0,0,0,0,4
ZNGA.SW,0,0,0,0,0,1,0,0,0,0,1
ZTS,0,0,0,3,0,0,0,0,0,0,3
^MWE,0,0,0,1,0,0,0,0,0,0,1
^RGP,0,0,0,1,0,0,0,0,0,0,1
